B;S;H0;H;Q;W;R;dB
2,50;3,00;3,07;5,30;682,00;10,50;5,08;136,60
2,50;2,50;3,26;5,30;130,00;9,60;32,25;135,00
3,00;3,00;3,50;6,00;170,00;11,75;41,21;134,00
3,00;3,00;3,50;6,00;315,25;11,75;16,76;133,80
2,50;3,00;3,69;5,50;159,90;8,50;8,86;137,50
3,00;3,00;2,84;5,50;450,00;12,50;9,41;133,40
3,00;3,00;3,50;6,00;170,00;11,75;30,70;133,30
3,00;3,00;3,50;6,00;285,00;11,75;16,88;133,20
3,00;3,00;2,84;5,50;450,00;12,50;20,94;132,80
3,00;2,50;3,60;5,30;117,00;8,00;7,83;133,40
3,00;3,00;3,50;6,00;270,00;11,75;23,44;132,70
3,00;2,50;2,45;5,75;784,00;15,50;7,82;132,70
3,00;3,00;3,50;6,00;270,00;11,75;35,43;132,60
3,00;3,00;3,50;6,00;315,25;11,75;20,25;132,60
1,00;2,00;1,87;2,20;46,50;1,55;13,23;132,40
2,50;3,00;2,69;6,20;1119,60;16,50;42,25;132,00
2,50;2,50;3,26;5,30;155,00;9,60;30,22;131,80
3,00;3,00;3,50;6,00;270,00;11,75;46,13;131,70
3,00;3,00;3,62;5,00;71,50;6,50;10,44;132,60
2,50;3,00;1,76;4,00;456,40;10,55;57,90;131,60
2,00;2,50;3,02;4,30;240,00;6,00;51,81;130,70
2,50;3,00;3,26;5,50;338,50;10,55;21,81;131,60
2,50;2,50;2,20;5,50;494,50;15,50;68,12;130,30
2,50;3,50;2,20;5,50;680,00;15,50;27,01;130,30
3,00;2,50;2,03;4,70;690,00;12,55;54,36;130,10
2,50;2,50;2,45;5,75;784,00;15,50;59,86;129,90
2,50;3,00;3,00;5,50;920,00;11,75;30,73;129,80
2,50;3,00;3,01;6,00;477,00;14,05;87,46;129,60
3,00;2,50;3,60;5,30;113,00;8,00;17,93;130,40
2,00;2,00;1,73;2,10;100,00;1,76;78,46;117,40
2,50;3,00;2,16;6,00;763,05;18,05;186,56;117,60
3,00;2,50;3,33;5,30;225,00;9,25;14,19;129,20
2,50;2,50;3,26;5,30;145,00;9,60;43,66;128,80
2,50;2,50;2,83;4,00;16,50;5,50;142,08;123,70
2,50;3,00;3,07;5,30;682,00;10,50;22,52;128,80
2,50;2,50;3,90;5,50;219,25;7,50;89,98;124,00
2,50;2,50;3,26;5,30;145,00;9,60;45,39;128,60
2,00;2,50;4,26;6,50;95,00;10,55;57,64;128,60
2,50;3,00;3,26;5,50;805,00;10,55;83,90;125,10
3,00;3,00;1,83;4,50;348,00;12,55;31,56;128,50
3,00;2,50;3,18;6,00;164,00;13,25;49,36;128,40
3,00;3,00;3,33;6,00;83,50;12,55;61,82;128,30
2,50;3,00;3,07;5,30;682,00;10,50;44,11;128,30
3,00;3,00;3,50;6,00;270,00;11,75;48,56;128,30
3,00;2,50;3,60;5,30;172,00;8,00;8,18;128,70
2,50;3,00;3,26;5,50;805,00;10,55;65,78;128,20
2,50;3,00;3,26;5,50;500,00;10,55;80,10;128,00
2,00;2,00;1,73;2,10;100,00;1,76;24,46;128,00
2,50;3,00;2,76;5,00;108,90;10,55;107,61;119,00
3,00;3,00;3,33;6,00;83,50;12,55;120,32;119,30
3,00;3,00;3,50;6,00;270,00;11,75;55,15;127,90
2,50;3,00;2,76;5,00;108,90;10,55;66,38;127,80
3,00;3,00;3,33;6,00;83,50;12,55;68,51;127,80
3,00;2,50;3,60;5,30;113,00;8,00;34,73;120,30
2,50;2,50;2,20;5,50;747,00;15,50;54,78;127,90
2,50;3,00;2,16;6,00;763,05;18,05;89,38;127,50
2,50;2,50;3,26;5,30;130,00;9,60;38,18;127,60
3,00;2,50;3,60;5,30;113,00;8,00;71,32;127,50
2,50;3,00;1,76;4,00;456,40;10,55;49,87;127,50
3,00;3,00;3,33;6,00;83,50;12,55;48,43;127,40
2,50;3,00;3,29;5,00;273,70;8,05;57,22;127,30
3,00;2,50;3,23;6,00;172,00;13,00;84,64;127,20
2,50;3,00;3,07;5,30;682,00;10,50;29,98;128,00
1,00;2,00;1,73;2,00;18,00;1,25;12,90;127,10
3,00;3,00;3,50;6,00;315,25;11,75;55,37;127,00
3,00;2,50;3,60;5,30;90,50;8,00;74,48;127,00
2,50;2,50;2,77;5,00;264,00;10,50;96,07;120,80
3,00;2,50;2,81;6,00;197,00;15,00;50,69;127,30
3,00;3,00;1,75;4,50;480,00;12,95;47,07;127,00
2,50;2,50;1,66;4,00;565,00;11,00;31,92;126,80
2,50;3,00;2,72;5,50;400,00;13,05;55,48;126,90
2,50;3,00;2,63;5,50;600,00;13,50;76,89;122,90
2,50;2,50;2,81;6,00;385,00;15,00;81,63;121,10
2,50;3,00;3,00;5,50;920,00;11,75;177,66;126,60
3,00;2,50;3,60;5,30;90,50;8,00;48,63;121,50
3,00;2,50;2,81;6,00;197,00;15,00;90,90;126,30
3,00;2,50;3,60;5,30;172,00;8,00;80,76;126,30
2,50;3,00;3,26;5,50;400,00;10,55;61,53;126,70
2,50;3,00;2,16;6,00;763,05;18,05;106,33;126,20
2,50;3,00;3,77;6,00;63,50;10,50;115,06;121,70
2,00;2,50;1,96;4,20;352,65;10,55;19,67;126,20
2,50;2,50;2,28;6,00;475,00;17,50;89,08;126,70
3,00;3,00;3,50;6,00;170,00;11,75;59,27;126,10
2,00;2,00;4,70;6,00;105,00;6,13;105,34;126,10
3,00;2,50;2,81;6,00;197,00;15,00;35,77;126,10
3,00;3,00;3,02;6,00;91,00;14,00;67,32;126,10
3,00;2,50;3,33;5,30;225,00;9,25;37,10;125,80
2,50;2,50;1,66;4,00;565,00;11,00;79,07;125,60
3,00;3,00;3,50;6,00;170,00;11,75;50,63;126,00
3,00;2,50;3,18;6,00;164,00;13,25;84,00;125,60
2,50;3,00;3,27;5,50;600,00;10,50;32,17;125,60
2,50;3,00;3,26;5,50;330,00;10,55;57,99;124,70
1,50;2,50;2,83;4,00;455,00;5,50;79,35;121,80
2,50;2,00;2,00;4,50;230,00;11,75;91,37;125,40
2,00;2,00;1,79;2,20;87,50;1,94;20,34;125,40
2,50;3,00;2,26;3,00;165,50;3,50;61,78;125,30
2,50;3,00;3,01;6,00;477,00;14,05;143,83;125,30
3,00;2,50;3,60;5,30;113,00;8,00;48,77;123,00
2,50;2,50;3,90;5,50;219,25;7,50;56,76;122,30
3,00;3,00;3,50;6,00;170,00;11,75;46,46;122,60
2,50;2,50;3,23;6,00;327,50;13,00;40,91;125,30
2,50;3,00;3,48;7,00;144,40;16,55;82,44;125,60
2,50;3,00;3,69;5,50;159,90;8,50;101,59;125,20
3,00;2,50;3,18;6,00;164,00;13,25;62,73;125,20
2,50;3,00;3,00;5,50;920,00;11,75;50,84;128,50
3,00;4,00;2,70;6,00;393,00;15,50;112,73;125,00
2,50;2,50;3,03;5,00;54,75;9,25;110,72;125,00
2,50;2,50;1,92;5,00;131,00;14,50;35,25;124,90
2,50;2,50;3,23;6,00;140,25;13,00;137,10;124,80
2,00;2,50;1,96;4,20;352,65;10,55;76,95;124,70
3,00;2,50;3,18;6,00;164,00;13,25;73,12;124,70
2,50;2,50;2,90;4,50;83,00;7,50;61,37;124,70
2,50;2,50;1,92;5,00;131,00;14,50;91,57;122,80
3,00;2,50;2,81;6,00;251,00;15,00;76,08;124,50
2,50;3,00;3,16;5,50;682,00;11,00;29,61;122,80
2,50;3,00;3,27;5,50;600,00;10,50;50,49;124,50
2,50;4,00;3,69;5,50;332,00;8,50;110,68;124,50
3,00;2,50;4,56;6,00;62,50;6,75;77,95;124,50
2,50;2,50;2,63;5,50;680,00;13,50;152,85;124,40
2,50;3,00;3,26;5,50;400,00;10,55;124,45;124,40
3,00;2,50;3,60;5,30;117,00;8,00;86,33;124,40
3,00;2,50;2,03;4,70;690,00;12,55;121,27;124,30
3,00;2,50;3,18;6,00;164,00;13,25;79,03;124,30
2,50;3,00;3,26;5,50;75,00;10,55;46,64;124,30
3,00;3,00;2,98;5,00;126,60;9,50;61,23;124,20
2,50;3,00;3,27;5,50;600,00;10,50;32,88;123,40
2,00;2,00;2,57;3,00;30,00;2,00;23,97;125,50
2,50;3,00;3,77;6,00;63,50;10,50;117,66;117,60
2,50;3,00;2,83;7,30;1060,00;21,00;114,47;123,90
2,50;3,00;2,70;6,00;865,25;15,50;173,03;123,90
3,00;3,50;3,79;5,50;48,30;8,05;121,26;118,50
2,50;3,00;4,33;7,00;96,50;12,55;74,33;123,90
3,00;3,00;1,70;5,00;260,00;15,50;75,93;123,80
2,50;2,50;2,81;6,00;385,00;15,00;67,33;123,80
3,00;3,00;2,84;5,50;450,00;12,50;32,31;123,80
3,00;2,50;3,07;5,30;252,50;10,50;39,81;123,80
2,50;2,50;2,06;4,30;586,50;10,55;98,35;123,70
3,00;3,00;3,50;6,00;285,00;11,75;56,38;123,70
3,00;3,00;3,50;6,00;270,00;11,75;55,00;123,70
3,00;3,50;3,79;5,50;48,30;8,05;101,33;123,50
2,50;3,00;3,27;5,50;600,00;10,50;45,88;123,50
3,00;3,00;3,50;6,00;170,00;11,75;128,69;123,50
2,50;3,00;3,07;5,30;682,00;10,50;33,92;123,50
3,00;3,00;3,50;6,00;315,25;11,75;38,48;123,70
2,50;2,50;2,20;5,50;959,00;15,50;35,46;123,40
2,50;3,00;2,76;5,00;108,90;10,55;92,89;119,00
2,50;2,50;3,26;5,30;130,00;9,60;63,16;124,00
2,50;2,50;2,80;4,50;17,00;8,00;58,16;123,40
2,50;3,00;3,26;5,50;212,00;10,55;45,18;125,20
2,50;2,50;1,92;5,00;131,00;14,50;82,67;123,30
3,00;4,00;2,70;6,00;393,00;15,50;137,68;123,30
3,00;2,50;2,81;6,00;251,00;15,00;63,75;123,30
2,50;3,00;2,62;7,30;519,65;22,00;142,99;123,20
3,00;3,50;3,26;5,50;95,00;10,55;104,73;123,20
2,50;3,00;3,11;4,50;22,00;6,55;72,53;123,20
2,50;2,50;1,92;5,00;131,00;14,50;102,21;123,30
3,00;2,50;2,81;6,00;197,00;15,00;62,31;123,10
2,00;2,50;3,50;6,00;97,00;11,75;83,78;123,10
2,50;3,00;3,26;5,50;212,00;10,55;82,13;123,10
2,50;2,50;2,83;4,00;88,00;5,50;54,34;123,10
2,00;2,50;3,50;6,00;97,00;11,75;78,76;123,00
2,50;2,50;2,20;5,50;494,50;15,50;141,07;122,90
2,50;3,00;3,16;5,50;682,00;11,00;27,66;126,70
2,00;2,00;2,12;2,50;130,00;1,78;72,55;119,00
2,50;3,00;3,22;6,00;257,10;13,05;113,96;122,90
2,50;3,00;3,26;5,50;74,40;10,55;87,02;122,90
2,50;3,00;3,26;5,50;338,50;10,55;91,06;122,90
3,00;2,50;3,60;5,30;172,00;8,00;28,76;124,10
2,50;2,50;2,45;5,75;784,00;15,50;134,06;122,80
2,50;3,00;3,16;7,00;267,65;18,05;128,61;122,80
2,50;2,50;2,63;5,50;680,00;13,50;123,16;122,80
2,50;3,00;3,10;6,00;354,00;13,62;74,69;122,80
2,50;3,00;3,26;5,50;805,00;10,55;65,07;124,50
2,50;2,50;1,92;5,00;131,00;14,50;113,72;119,30
2,50;3,00;3,26;5,50;400,00;10,55;143,71;122,80
2,50;2,50;2,83;4,00;88,00;5,50;59,38;119,40
3,00;2,50;3,34;6,00;204,00;12,50;101,52;122,70
2,50;3,00;3,29;5,00;19,70;8,05;48,27;122,70
2,00;2,00;1,77;2,20;142,00;2,03;20,34;123,10
2,00;2,50;3,02;4,30;240,00;6,00;42,64;124,60
3,00;3,00;3,50;6,00;285,00;11,75;71,70;122,60
2,00;2,00;2,12;2,50;130,00;1,78;56,35;122,60
2,50;3,00;3,26;5,50;85,00;10,55;68,45;122,50
2,50;3,00;3,26;5,50;504,00;10,55;56,11;122,60
3,50;2,50;2,20;5,50;356,00;15,50;92,36;122,40
3,00;2,50;3,33;5,30;225,00;9,25;32,69;122,40
2,50;3,00;2,26;3,00;165,50;3,50;77,47;122,40
3,00;2,50;2,81;6,00;197,00;15,00;82,36;122,40
2,50;3,00;3,01;6,00;477,00;14,05;117,03;122,40
2,00;2,50;3,50;6,00;97,00;11,75;70,39;122,40
3,00;3,00;3,50;6,00;315,25;11,75;47,56;122,40
2,50;2,50;3,26;5,30;155,00;9,60;55,08;122,40
3,00;3,50;2,98;6,50;745,00;16,55;104,09;122,40
3,00;2,50;3,60;5,30;117,00;8,00;27,59;122,40
2,50;2,50;2,26;4,50;393,00;10,55;140,81;122,30
1,00;2,00;1,87;2,20;46,50;1,55;31,73;124,70
3,00;2,50;2,81;6,00;251,00;15,00;52,65;122,30
2,50;3,00;3,48;7,00;144,40;16,55;88,81;122,20
2,50;2,50;3,23;6,00;327,50;13,00;92,77;122,20
2,50;3,00;3,34;6,00;303,20;12,50;71,41;122,20
2,50;3,00;3,16;7,00;267,65;18,05;101,77;122,10
2,50;2,50;3,02;6,00;315,50;14,00;77,16;122,10
2,50;2,50;2,77;5,00;264,00;10,50;64,21;122,10
2,00;2,50;3,50;6,00;97,00;11,75;69,36;122,10
3,00;2,50;2,45;5,75;784,00;15,50;95,96;122,20
2,50;3,00;2,70;6,00;865,25;15,50;144,74;121,90
2,50;2,50;1,92;5,00;131,00;14,50;99,16;121,90
2,50;2,50;2,26;4,50;393,00;10,55;102,27;121,90
2,50;3,00;2,49;6,00;352,65;16,50;215,96;121,80
2,00;2,50;3,50;6,00;97,00;11,75;48,31;125,30
2,50;3,00;3,26;5,50;75,00;10,55;51,82;121,90
3,00;3,00;2,84;5,50;450,00;12,50;165,59;121,70
3,00;2,50;3,23;6,00;300,00;13,00;52,14;121,70
2,50;2,50;2,83;4,00;88,00;5,50;66,66;119,70
3,00;2,50;3,34;6,00;204,00;12,50;168,75;121,70
2,50;3,00;3,26;5,50;500,00;10,55;104,22;121,70
2,50;3,00;3,26;5,50;504,00;10,55;55,16;126,20
3,00;3,00;3,50;6,00;285,00;11,75;83,81;121,60
2,50;3,00;2,83;7,30;1060,00;21,00;182,02;121,60
2,50;3,00;3,00;5,50;920,00;11,75;88,09;121,60
2,50;3,00;1,76;4,00;456,40;10,55;95,46;121,60
2,50;2,50;3,54;6,20;380,00;12,50;86,72;121,60
2,50;3,00;3,26;5,50;94,50;10,55;144,62;121,60
2,50;2,50;3,02;6,00;315,50;14,00;48,00;121,40
2,50;3,00;3,77;6,00;63,50;10,50;70,58;121,60
2,00;2,50;4,03;6,00;125,75;9,25;49,37;121,60
2,50;2,50;2,77;5,00;264,00;10,50;138,33;121,70
2,50;3,50;2,20;5,50;680,00;15,50;84,20;121,50
2,50;3,00;2,69;6,20;1119,60;16,50;148,79;121,50
3,00;2,50;3,23;6,00;160,50;13,00;86,73;121,50
3,00;3,50;3,26;5,50;95,00;10,55;115,28;121,50
3,00;2,50;3,60;5,30;90,50;8,00;25,08;126,60
2,50;3,00;3,27;5,50;600,00;10,50;38,88;121,50
2,50;2,50;3,26;5,50;157,50;10,55;143,60;121,40
2,50;3,00;3,22;6,00;257,10;13,05;219,25;121,40
3,00;2,50;3,23;6,00;172,00;13,00;169,03;121,40
2,50;3,00;3,77;6,00;340,05;10,50;111,39;121,40
3,00;3,00;3,62;5,00;71,50;6,50;98,40;121,40
3,00;3,00;3,40;5,00;37,50;7,50;93,65;121,40
2,50;3,50;2,20;5,50;680,00;15,50;77,17;121,30
3,00;3,00;3,02;6,00;91,00;14,00;87,33;121,10
3,00;3,00;1,83;4,50;348,00;12,55;122,68;121,30
2,50;3,00;2,83;5,50;276,00;12,55;182,04;121,30
2,50;3,00;3,22;6,00;257,10;13,05;171,92;121,30
3,00;3,50;3,79;5,50;48,30;8,05;103,85;121,30
3,00;3,50;3,79;5,50;48,30;8,05;83,98;121,30
3,00;2,50;3,60;5,30;117,00;8,00;36,93;121,40
3,00;2,50;3,34;6,00;204,00;12,50;135,99;121,20
2,50;2,50;2,20;5,50;959,00;15,50;121,90;121,10
3,50;2,50;2,20;5,50;356,00;15,50;129,71;121,10
2,00;2,50;1,96;4,20;352,65;10,55;73,62;121,10
2,00;2,00;1,16;1,90;90,00;3,50;22,36;126,70
2,50;2,50;3,23;6,00;327,50;13,00;58,98;121,00
2,50;3,00;2,83;5,50;276,00;12,55;120,92;120,90
2,50;3,00;3,10;6,00;354,00;13,62;74,57;121,20
2,50;2,50;3,26;5,50;157,50;10,55;168,13;121,00
2,50;3,00;2,48;6,00;530,00;16,55;122,40;121,00
2,50;2,50;1,66;4,00;565,00;11,00;141,93;121,00
2,50;3,00;2,62;7,30;519,65;22,00;189,92;120,90
2,50;3,00;3,77;6,00;63,50;10,50;92,38;121,00
2,50;2,50;2,81;6,00;385,00;15,00;62,92;120,80
3,00;2,50;2,81;6,00;251,00;15,00;72,57;120,80
3,00;3,00;1,83;4,50;348,00;12,55;125,43;120,90
2,00;2,00;3,90;7,00;302,00;14,55;106,79;120,50
3,00;2,50;4,56;6,00;62,50;6,75;64,25;120,80
2,00;2,50;3,50;6,00;97,00;11,75;57,30;121,00
2,50;3,00;3,29;5,00;273,70;8,05;131,57;120,80
2,50;2,50;2,83;4,00;27,50;5,50;99,89;120,50
2,50;3,00;3,53;4,50;92,65;4,55;43,94;120,80
3,00;2,50;2,81;6,00;197,00;15,00;20,39;126,90
2,50;2,50;3,54;6,20;380,00;12,50;231,18;120,80
3,00;3,00;3,50;6,00;315,25;11,75;25,94;128,70
2,50;2,50;2,80;4,50;17,00;8,00;77,37;120,90
2,50;3,00;3,09;4,00;8,50;4,30;74,74;120,80
2,50;3,00;3,01;6,00;477,00;14,05;144,26;120,70
2,50;3,00;3,26;5,50;504,00;10,55;158,28;120,70
2,50;3,00;3,29;5,00;19,70;8,05;15,63;133,70
2,50;4,50;2,83;4,50;120,00;7,85;137,03;120,70
2,50;3,00;3,33;6,00;251,00;12,55;97,68;120,40
3,00;2,50;3,34;6,00;204,00;12,50;50,48;120,70
2,50;2,50;2,47;3,00;80,00;2,50;94,29;120,60
2,50;2,50;2,28;6,00;475,00;17,50;94,72;120,60
2,50;2,00;2,00;4,50;230,00;11,75;186,07;120,30
3,00;3,00;2,98;5,00;126,60;9,50;114,99;120,60
2,50;3,00;3,53;4,50;92,65;4,55;70,92;120,60
2,50;2,50;2,20;5,50;747,00;15,50;141,23;120,50
2,50;3,00;2,48;6,00;530,00;16,55;176,54;120,50
2,50;3,00;2,70;6,00;958,00;15,50;181,64;120,50
2,50;3,00;2,70;6,00;865,25;15,50;198,13;120,50
2,50;3,00;3,26;5,50;400,00;10,55;120,25;120,20
3,00;3,00;3,02;6,00;91,00;14,00;112,84;120,20
3,00;3,00;3,40;5,00;37,50;7,50;100,14;120,60
3,00;3,00;1,83;4,50;348,00;12,55;130,53;120,40
2,50;2,50;3,02;6,00;315,50;14,00;81,72;120,40
2,50;3,00;3,26;5,50;844,00;10,55;51,57;120,20
2,50;3,00;3,26;5,50;330,00;10,55;128,70;120,40
2,00;2,00;1,90;2,60;60,00;3,27;157,81;120,40
2,50;2,50;2,48;4,30;43,50;8,55;51,77;120,10
2,50;3,00;3,01;6,00;477,00;14,05;232,89;120,30
2,50;3,00;2,69;6,20;1119,60;16,50;36,37;127,00
3,00;3,00;1,83;4,50;348,00;12,55;91,74;120,40
2,50;2,50;2,20;5,50;494,50;15,50;43,42;120,10
3,00;2,50;3,34;6,00;204,00;12,50;117,38;120,20
2,50;3,00;2,43;6,00;50,15;16,80;141,78;119,90
2,00;2,50;4,03;6,00;125,75;9,25;95,58;120,20
2,50;2,50;2,83;4,00;27,50;5,50;63,14;120,20
3,00;3,00;3,02;6,00;91,00;14,00;109,86;119,90
2,50;3,00;3,34;6,00;303,20;12,50;148,52;120,10
2,50;3,00;3,26;5,50;500,00;10,55;86,23;120,20
3,00;4,00;2,70;6,00;393,00;15,50;84,06;120,00
2,50;3,00;3,16;7,00;267,65;18,05;150,40;120,00
2,50;3,00;3,26;5,50;212,00;10,55;139,69;120,00
3,00;2,50;3,34;6,00;204,00;12,50;80,19;119,90
3,00;3,50;2,98;6,50;745,00;16,55;188,90;119,90
3,00;3,50;2,98;6,50;745,00;16,55;176,89;119,90
2,50;2,50;2,26;4,50;393,00;10,55;51,77;119,80
2,50;3,00;3,00;5,50;920,00;11,75;147,78;119,90
2,50;3,00;2,76;5,00;147,40;10,55;123,08;119,90
2,50;3,00;3,16;7,00;267,65;18,05;122,28;119,70
2,50;3,00;3,16;5,50;682,00;11,00;36,00;119,90
2,50;3,00;3,26;5,50;844,00;10,55;27,98;127,60
2,50;2,50;3,23;6,00;327,50;13,00;82,99;119,70
2,00;2,00;2,12;2,50;130,00;1,78;57,33;120,00
2,50;2,50;2,77;5,00;264,00;10,50;46,84;121,70
3,00;2,50;3,23;6,00;172,00;13,00;61,21;119,60
2,50;3,00;3,27;5,50;600,00;10,50;147,22;119,70
3,00;3,00;2,98;5,00;126,60;9,50;133,18;119,70
2,50;2,50;2,83;4,00;55,00;5,50;67,32;119,70
2,00;2,50;1,96;4,20;352,65;10,55;55,02;119,60
2,50;3,00;3,01;6,00;477,00;14,05;173,78;119,20
2,50;3,00;3,33;6,00;251,00;12,55;146,94;119,60
2,50;3,00;2,83;7,30;1060,00;21,00;178,82;119,40
3,00;2,50;3,23;6,00;300,00;13,00;169,49;119,40
2,50;2,50;3,80;5,50;200,00;8,00;83,80;119,70
3,50;2,50;2,20;5,50;356,00;15,50;106,91;119,30
2,50;3,00;1,76;4,00;456,40;10,55;114,04;119,30
3,00;2,50;3,23;6,00;172,00;13,00;30,21;127,90
2,50;3,00;3,07;5,30;682,00;10,50;173,75;119,30
3,00;3,00;2,98;5,00;126,60;9,50;106,12;119,30
2,50;3,00;4,33;7,00;96,50;12,55;143,91;119,30
2,00;2,00;2,41;2,80;86,00;1,85;90,95;119,30
2,00;2,00;2,41;2,80;86,00;1,85;106,21;119,30
3,00;3,00;3,02;6,00;91,00;14,00;100,17;119,20
2,50;2,50;3,02;6,00;315,50;14,00;61,12;119,20
2,50;3,00;2,83;5,50;276,00;12,55;141,31;119,20
2,50;2,50;3,80;5,50;200,00;8,00;97,35;119,20
3,00;3,00;3,40;5,00;37,50;7,50;130,61;119,20
2,50;2,50;2,20;5,50;959,00;15,50;166,47;119,10
3,00;3,00;3,02;6,00;91,00;14,00;145,87;119,10
2,50;3,00;3,16;5,50;682,00;11,00;13,60;128,00
2,50;2,50;3,26;5,30;145,00;9,60;74,79;119,10
2,50;2,50;2,45;5,75;784,00;15,50;111,38;119,00
2,50;3,00;3,26;5,50;85,00;10,55;138,70;119,00
2,50;2,50;3,02;6,00;315,50;14,00;71,36;119,00
2,50;3,00;3,10;6,00;354,00;13,62;51,93;122,90
2,50;3,00;3,26;5,50;75,00;10,55;40,94;128,30
2,50;3,00;3,07;5,30;682,00;10,50;129,52;119,00
3,00;2,50;3,18;6,00;164,00;13,25;111,87;118,70
2,50;3,00;3,29;5,00;19,70;8,05;145,46;119,10
2,00;2,50;2,43;3,60;27,50;5,50;74,10;118,80
3,00;3,00;2,84;5,50;450,00;12,50;184,45;118,80
2,50;3,00;3,26;5,50;320,50;10,55;121,47;118,80
2,00;2,00;1,62;2,00;118,50;1,80;47,19;118,80
3,00;2,50;2,03;4,70;690,00;12,55;104,54;118,70
2,50;3,00;3,48;7,00;144,40;16,55;182,95;118,70
2,50;2,50;3,23;6,00;140,25;13,00;134,13;118,70
3,00;2,50;3,07;5,30;252,50;10,50;104,21;118,70
2,50;3,00;3,26;5,50;330,00;10,55;82,05;118,70
2,50;2,50;3,26;5,30;130,00;9,60;70,04;118,70
2,50;3,00;3,26;5,50;400,00;10,55;100,92;118,60
2,00;2,50;4,26;6,50;95,00;10,55;79,24;118,70
2,50;3,00;3,00;5,50;920,00;11,75;80,80;118,60
2,50;3,00;3,33;6,00;251,00;12,55;125,89;118,60
2,50;2,50;3,54;6,20;400,00;12,50;125,91;118,60
2,50;3,00;3,48;7,00;144,40;16,55;130,18;118,50
2,50;3,00;3,10;6,00;354,00;13,62;123,42;118,60
2,50;3,00;3,26;5,50;212,00;10,55;155,57;118,50
3,00;3,00;3,50;6,00;315,25;11,75;142,05;118,50
2,50;3,00;2,70;6,00;958,00;15,50;123,84;118,30
2,50;3,00;4,33;7,00;96,50;12,55;108,72;118,50
2,50;3,00;3,77;6,00;340,05;10,50;84,22;118,50
2,00;2,00;1,62;2,00;110,50;1,80;39,18;118,50
3,00;3,00;3,40;5,00;37,50;7,50;155,32;118,30
3,00;3,00;3,40;5,00;37,50;7,50;144,70;118,30
2,50;3,00;3,48;7,00;144,40;16,55;124,39;118,30
2,00;2,00;2,57;3,00;30,00;2,00;43,88;118,30
2,50;3,50;2,20;5,50;680,00;15,50;151,91;118,30
2,00;2,00;1,62;2,00;118,50;1,80;46,29;118,30
2,50;2,50;2,81;6,00;385,00;15,00;101,46;118,30
2,50;3,00;2,72;5,50;400,00;13,05;105,65;118,30
3,00;3,00;2,84;5,50;450,00;12,50;171,40;118,30
3,00;2,50;3,07;5,30;252,50;10,50;156,50;118,30
2,50;2,50;2,90;4,50;83,00;7,50;94,31;118,30
3,00;3,00;2,98;5,00;126,60;9,50;109,47;118,20
3,00;2,50;3,60;5,30;113,00;8,00;37,40;118,30
2,50;3,00;2,82;4,00;80,75;5,55;132,51;118,20
2,50;2,50;1,92;5,00;131,00;14,50;104,64;118,20
2,50;3,00;3,10;6,00;354,00;13,62;118,30;118,20
3,00;3,50;3,26;5,50;95,00;10,55;162,31;118,20
2,00;2,00;1,62;2,00;110,50;1,80;51,03;118,20
2,50;3,00;3,26;5,50;320,50;10,55;128,17;118,20
2,50;3,00;4,33;7,00;96,50;12,55;121,73;118,20
2,50;3,00;3,29;5,00;19,70;8,05;101,63;118,20
3,00;3,00;2,98;5,00;126,60;9,50;161,46;118,10
2,50;3,00;2,70;6,00;958,00;15,50;158,90;118,10
2,50;2,50;2,63;5,50;680,00;13,50;202,04;118,10
2,50;2,50;3,54;6,20;380,00;12,50;150,02;118,10
3,00;3,50;3,26;5,50;95,00;10,55;153,70;118,10
2,50;3,00;3,29;5,00;140,30;8,05;73,03;118,10
2,50;2,50;3,23;6,00;327,50;13,00;72,55;117,90
2,50;2,50;3,90;5,50;219,25;7,50;34,37;118,20
2,50;3,00;3,69;5,50;159,90;8,50;53,19;118,10
3,50;2,50;2,20;5,50;356,00;15,50;146,93;117,90
2,50;2,50;3,23;6,00;140,25;13,00;149,43;117,90
2,50;3,00;3,26;5,50;74,40;10,55;208,38;117,90
3,00;2,50;3,23;6,00;160,50;13,00;26,68;128,40
2,50;2,50;3,26;5,30;155,00;9,60;61,16;117,90
2,00;2,50;1,96;4,20;352,65;10,55;135,31;117,80
2,50;3,00;2,72;5,50;400,00;13,05;158,58;117,80
3,00;3,00;2,98;5,00;126,60;9,50;156,44;117,80
2,50;3,00;3,76;6,00;384,50;10,55;136,14;117,80
2,50;3,00;3,76;6,00;384,50;10,55;119,85;117,80
2,50;3,00;3,77;6,00;340,05;10,50;136,77;117,80
2,50;2,50;3,02;6,00;315,50;14,00;37,51;128,80
2,50;2,50;3,26;5,30;155,00;9,60;175,01;117,60
2,50;2,50;2,83;4,00;88,00;5,50;85,19;117,60
2,00;2,50;3,02;4,30;240,00;6,00;59,65;117,60
3,00;3,00;3,62;5,00;71,50;6,50;47,35;118,10
2,50;3,00;2,76;5,00;147,40;10,55;197,99;117,60
2,50;2,50;2,45;5,75;784,00;15,50;147,52;117,60
2,50;3,00;3,26;5,50;500,00;10,55;117,13;117,50
2,50;2,50;3,23;6,00;327,50;13,00;121,22;117,50
2,50;2,00;2,00;4,50;230,00;11,75;250,23;117,50
2,50;2,50;3,23;6,00;140,25;13,00;161,40;117,50
2,00;2,00;2,46;2,80;121,50;1,60;51,55;117,60
2,00;2,50;1,96;4,20;352,65;10,55;143,47;117,40
3,00;3,00;2,98;5,00;126,60;9,50;120,80;117,40
2,00;2,50;3,02;4,30;240,00;6,00;138,16;117,40
2,50;2,50;2,26;4,50;393,00;10,55;11,33;128,90
2,50;2,50;2,83;4,00;88,00;5,50;139,45;117,50
2,50;3,00;3,11;4,50;22,00;6,55;150,39;117,40
3,00;2,50;3,34;6,00;204,00;12,50;105,78;117,10
2,50;2,50;2,81;6,00;385,00;15,00;121,96;117,20
2,50;3,00;3,53;4,50;92,65;4,55;144,46;117,10
1,50;2,50;2,83;4,00;455,00;5,50;93,78;117,10
2,50;2,50;2,77;5,00;264,00;10,50;111,80;116,70
2,50;3,00;3,26;5,50;400,00;10,55;101,72;116,70
2,50;3,00;3,26;5,50;630,00;10,55;89,94;116,70
2,00;3,00;2,14;4,50;76,50;11,10;105,30;116,90
2,50;3,00;2,62;7,30;519,65;22,00;208,96;116,60
3,00;2,50;2,81;6,00;251,00;15,00;105,78;116,60
2,50;3,00;3,01;6,00;477,00;14,05;231,30;116,60
3,00;3,50;3,26;5,50;95,00;10,55;197,76;116,60
2,50;3,00;2,83;7,30;1060,00;21,00;209,69;116,40
2,00;2,00;1,16;1,90;90,00;3,50;53,15;116,40
3,00;2,50;3,34;6,00;204,00;12,50;94,69;116,40
2,50;3,00;3,26;5,50;338,50;10,55;135,45;116,40
3,00;3,00;3,40;5,00;37,50;7,50;150,25;116,30
2,00;2,00;2,46;2,80;78,50;1,60;55,09;116,70
2,50;3,00;3,09;4,00;8,50;4,30;106,14;116,30
3,00;3,50;2,98;6,50;745,00;16,55;226,02;116,10
2,50;3,00;3,29;5,00;140,30;8,05;124,01;116,10
2,00;2,00;2,12;2,50;130,00;1,78;119,33;116,10
2,50;3,00;3,26;5,50;504,00;10,55;64,10;116,30
2,50;3,00;3,22;6,00;257,10;13,05;181,57;115,90
2,50;3,00;2,72;5,50;400,00;13,05;170,84;115,90
2,50;2,50;3,54;6,20;400,00;12,50;140,34;115,90
2,50;2,50;2,63;5,50;680,00;13,50;138,53;115,90
3,00;3,50;3,79;5,50;48,30;8,05;119,93;116,00
2,00;2,50;4,03;6,00;125,75;9,25;209,19;115,90
2,50;4,50;2,83;4,50;120,00;7,85;194,53;115,90
2,50;2,50;2,77;5,00;264,00;10,50;169,30;115,90
2,50;3,00;2,43;6,00;82,60;16,80;141,78;115,70
2,50;3,00;3,53;4,50;92,65;4,55;120,30;115,60
1,00;2,00;1,73;2,00;18,00;1,25;37,60;115,90
2,00;2,00;2,43;2,80;92,00;1,75;106,21;115,60
2,50;3,00;4,33;7,00;96,50;12,55;150,49;115,60
2,50;2,50;3,54;6,20;380,00;12,50;177,18;115,40
2,50;2,50;3,80;5,50;140,00;8,00;130,04;115,40
2,00;2,00;2,43;2,80;92,00;1,75;92,49;115,40
2,50;2,50;1,66;4,00;565,00;11,00;91,69;115,60
2,50;4,50;2,83;4,50;184,00;7,85;194,27;115,40
2,50;3,00;2,76;5,00;108,90;10,55;125,30;115,40
2,50;3,00;3,16;7,00;267,65;18,05;154,54;115,20
3,00;3,50;2,98;6,50;745,00;16,55;219,22;115,20
2,50;2,50;3,02;6,00;315,50;14,00;109,68;115,20
2,50;3,00;4,33;7,00;96,50;12,55;170,16;115,20
2,50;2,50;1,92;5,00;131,00;14,50;116,60;115,00
2,50;2,50;3,54;6,20;400,00;12,50;184,32;115,00
2,00;2,50;3,50;6,00;97,00;11,75;113,32;115,00
2,50;3,00;3,27;5,50;600,00;10,50;175,71;115,00
2,50;3,00;3,77;6,00;340,05;10,50;159,44;114,80
2,50;2,50;2,20;5,50;747,00;15,50;102,81;115,40
2,50;3,00;2,26;3,00;165,50;3,50;95,46;114,80
3,00;3,00;3,62;5,00;71,50;6,50;121,48;114,80
2,50;3,00;3,26;5,50;94,50;10,55;202,91;114,40
2,50;3,00;3,27;5,50;600,00;10,50;167,50;114,40
3,00;3,00;3,62;5,00;71,50;6,50;62,67;114,60
2,00;2,00;1,13;1,50;140,00;1,75;150,48;114,40
3,00;3,00;3,33;6,00;83,50;12,55;140,52;114,40
3,00;2,50;3,34;6,00;204,00;12,50;145,71;114,20
2,50;3,00;3,07;5,30;682,00;10,50;27,20;129,70
2,50;2,50;2,47;3,00;80,00;2,50;148,43;114,40
2,50;3,00;2,16;6,00;763,05;18,05;164,47;114,20
2,50;3,00;3,11;4,50;22,00;6,55;196,57;114,00
2,50;2,50;2,81;6,00;385,00;15,00;152,74;114,00
2,50;3,00;3,29;5,00;140,30;8,05;189,01;113,80
2,00;2,00;3,90;7,00;302,00;14,55;131,26;113,80
3,00;2,50;3,33;5,30;225,00;9,25;94,63;113,80
3,00;3,50;3,26;5,50;95,00;10,55;153,69;114,20
3,00;3,50;3,26;5,50;95,00;10,55;209,87;113,30
2,50;3,00;2,83;7,30;1060,00;21,00;185,59;113,50
2,50;3,00;3,69;5,50;159,90;8,50;117,21;113,30
2,00;2,00;1,79;2,20;87,50;1,94;66,97;113,30
2,50;3,00;4,40;6,00;40,25;7,50;185,72;113,10
2,50;3,00;3,26;5,50;85,00;10,55;205,50;113,10
2,50;3,00;2,27;4,50;84,00;10,50;123,55;113,10
2,50;3,00;2,70;6,00;958,00;15,50;179,43;113,10
2,50;2,50;3,50;6,00;254,25;11,75;227,20;112,80
3,00;3,00;3,62;5,00;71,50;6,50;74,77;113,10
2,50;3,00;3,10;6,00;354,00;13,62;157,47;112,80
3,00;2,50;2,81;6,00;251,00;15,00;49,78;130,00
3,00;2,50;3,60;5,30;117,00;8,00;87,99;112,80
2,50;2,50;2,90;4,50;83,00;7,50;190,50;112,60
2,50;3,00;3,76;6,00;384,50;10,55;139,25;112,60
3,00;3,00;3,50;6,00;315,25;11,75;19,48;130,30
2,50;2,50;3,54;6,20;400,00;12,50;231,04;112,00
2,50;3,50;4,24;4,50;35,53;1,23;57,04;112,60
2,50;3,00;3,34;6,00;303,20;12,50;186,27;111,80
2,50;3,00;2,62;7,30;519,65;22,00;188,68;112,00
2,50;3,00;3,77;6,00;340,05;10,50;168,65;111,80
2,50;3,00;3,26;5,50;320,50;10,55;155,29;111,80
2,50;3,00;3,26;5,50;844,00;10,55;28,68;130,30
2,50;2,50;3,54;6,20;380,00;12,50;258,03;111,50
3,00;2,50;3,07;5,30;252,50;10,50;148,39;111,50
2,50;2,50;2,06;4,30;586,50;10,55;11,33;131,70
3,00;3,00;1,83;4,50;348,00;12,55;145,73;111,80
2,00;2,50;4,03;6,00;125,75;9,25;256,70;111,50
2,50;2,50;2,83;4,00;27,50;5,50;172,60;111,50
1,00;2,00;1,87;2,20;46,50;1,55;58,39;111,50
2,50;2,50;3,80;5,50;200,00;8,00;214,75;111,20
2,50;2,50;2,06;4,30;586,50;10,55;96,91;111,20
3,50;2,50;2,20;5,50;356,00;15,50;147,43;110,90
2,50;3,00;3,16;7,00;267,65;18,05;166,11;110,20
3,00;2,50;3,23;6,00;300,00;13,00;20,95;131,80
2,50;2,50;2,83;4,00;55,00;5,50;151,73;109,90
2,00;2,00;2,57;3,00;30,00;2,00;86,54;109,50
2,00;2,00;1,90;2,60;60,00;3,27;88,37;109,50
2,00;2,00;2,12;2,50;130,00;1,78;149,34;108,80
2,50;2,50;2,83;4,00;88,00;5,50;177,19;108,80
2,50;3,00;3,29;5,00;273,70;8,05;193,22;108,80
2,50;3,00;3,26;5,50;85,00;10,55;238,75;108,40
2,50;3,00;4,33;7,00;96,50;12,55;164,21;108,40
3,00;2,50;3,07;5,30;252,50;10,50;125,98;108,40
2,50;3,00;3,53;4,50;92,65;4,55;203,85;108,00
2,50;2,50;3,80;5,50;140,00;8,00;239,10;108,00
2,50;3,00;3,26;5,50;630,00;10,55;371,18;107,50
2,50;3,00;2,76;5,00;147,40;10,55;214,07;108,00
2,00;2,00;1,62;2,00;118,50;1,80;137,35;107,50
2,50;2,50;2,20;5,50;251,00;15,50;13,90;131,90
3,00;3,00;2,84;5,50;450,00;12,50;13,47;132,50
2,50;2,50;1,66;4,00;565,00;11,00;11,49;134,30
